LOAD,LOAD,LOAD,LOAD,LOAD,LOAD,LOAD,LOAD,LOAD,LOAD,LOAD,LOAD,LOAD,LOAD,LOAD,LOAD,LOAD,LOAD,LOAD,LOAD,LOAD,LOAD,LOAD,LOAD,LOAD,LOAD,LOAD,LOAD,LOAD,LOAD,LOAD,LOAD,LOAD,LOAD,LOAD,LOAD,LOAD,LOAD,LOAD,LOAD,LOAD,LOAD,LOAD,LOAD,LOAD,LOAD,LOAD,LOAD,LOAD,LOAD,LOAD,LOAD,LOAD,LOAD,LOAD,LOAD,LOAD,LOAD,LOAD,LOAD,LOAD,LOAD,LOAD,LOAD
LOAD,LOAD,LOAD,LOAD,LOAD,LOAD,LOAD,LOAD,LOAD,LOAD,LOAD,LOAD,LOAD,LOAD,LOAD,LOAD,LOAD,LOAD,LOAD,LOAD,LOAD,LOAD,LOAD,LOAD,LOAD,LOAD,LOAD,LOAD,LOAD,LOAD,LOAD,LOAD,LOAD,LOAD,LOAD,LOAD,LOAD,LOAD,LOAD,LOAD,LOAD,LOAD,LOAD,LOAD,LOAD,LOAD,LOAD,LOAD,LOAD,LOAD,LOAD,LOAD,LOAD,LOAD,LOAD,LOAD,LOAD,LOAD,LOAD,LOAD,LOAD,LOAD,LOAD,LOAD
LOAD,LOAD,LOAD,LOAD,LOAD,LOAD,LOAD,LOAD,LOAD,LOAD,LOAD,LOAD,LOAD,LOAD,LOAD,LOAD,LOAD,LOAD,LOAD,LOAD,LOAD,LOAD,LOAD,LOAD,LOAD,LOAD,LOAD,LOAD,LOAD,LOAD,LOAD,LOAD,LOAD,LOAD,LOAD,LOAD,LOAD,LOAD,LOAD,LOAD,LOAD,LOAD,LOAD,LOAD,LOAD,LOAD,LOAD,LOAD,LOAD,LOAD,LOAD,LOAD,LOAD,LOAD,LOAD,LOAD,LOAD,LOAD,LOAD,LOAD,LOAD,LOAD,LOAD,LOAD
LOAD,LOAD,LOAD,LOAD,LOAD,LOAD,LOAD,LOAD,LOAD,LOAD,LOAD,LOAD,LOAD,LOAD,LOAD,LOAD,LOAD,LOAD,LOAD,LOAD,LOAD,LOAD,LOAD,LOAD,LOAD,LOAD,LOAD,LOAD,LOAD,LOAD,LOAD,LOAD,LOAD,LOAD,LOAD,LOAD,LOAD,LOAD,LOAD,LOAD,LOAD,LOAD,LOAD,LOAD,LOAD,LOAD,LOAD,LOAD,LOAD,LOAD,LOAD,LOAD,LOAD,LOAD,LOAD,LOAD,LOAD,LOAD,LOAD,LOAD,LOAD,LOAD,LOAD,LOAD
LOAD,LOAD,LOAD,LOAD,LOAD,LOAD,LOAD,LOAD,LOAD,LOAD,LOAD,LOAD,LOAD,LOAD,LOAD,LOAD,LOAD,LOAD,LOAD,LOAD,LOAD,LOAD,LOAD,LOAD,LOAD,LOAD,LOAD,LOAD,LOAD,LOAD,LOAD,LOAD,LOAD,LOAD,LOAD,LOAD,LOAD,LOAD,LOAD,LOAD,LOAD,LOAD,LOAD,LOAD,LOAD,LOAD,LOAD,LOAD,LOAD,LOAD,LOAD,LOAD,LOAD,LOAD,LOAD,LOAD,LOAD,LOAD,LOAD,LOAD,LOAD,LOAD,LOAD,LOAD
LOAD,LOAD,LOAD,LOAD,LOAD,LOAD,LOAD,LOAD,LOAD,LOAD,LOAD,LOAD,LOAD,LOAD,LOAD,LOAD,LOAD,LOAD,LOAD,LOAD,LOAD,LOAD,LOAD,LOAD,LOAD,LOAD,LOAD,LOAD,LOAD,LOAD,LOAD,LOAD,LOAD,LOAD,LOAD,LOAD,LOAD,LOAD,LOAD,LOAD,LOAD,LOAD,LOAD,LOAD,LOAD,LOAD,LOAD,LOAD,LOAD,LOAD,LOAD,LOAD,LOAD,LOAD,LOAD,LOAD,LOAD,LOAD,LOAD,LOAD,LOAD,LOAD,LOAD,LOAD
LOAD,LOAD,LOAD,LOAD,LOAD,LOAD,LOAD,LOAD,LOAD,LOAD,LOAD,LOAD,LOAD,LOAD,LOAD,LOAD,LOAD,LOAD,LOAD,LOAD,LOAD,LOAD,LOAD,LOAD,LOAD,LOAD,LOAD,LOAD,LOAD,LOAD,LOAD,LOAD,LOAD,LOAD,LOAD,LOAD,LOAD,LOAD,LOAD,LOAD,LOAD,LOAD,LOAD,LOAD,LOAD,LOAD,LOAD,LOAD,LOAD,LOAD,LOAD,LOAD,LOAD,LOAD,LOAD,LOAD,LOAD,LOAD,LOAD,LOAD,LOAD,LOAD,LOAD,LOAD
LOAD,LOAD,LOAD,LOAD,LOAD,LOAD,LOAD,LOAD,LOAD,LOAD,LOAD,LOAD,LOAD,LOAD,LOAD,LOAD,LOAD,LOAD,LOAD,LOAD,LOAD,LOAD,LOAD,LOAD,LOAD,LOAD,LOAD,LOAD,LOAD,LOAD,LOAD,LOAD,LOAD,LOAD,LOAD,LOAD,LOAD,LOAD,LOAD,LOAD,LOAD,LOAD,LOAD,LOAD,LOAD,LOAD,LOAD,LOAD,LOAD,LOAD,LOAD,LOAD,LOAD,LOAD,LOAD,LOAD,LOAD,LOAD,LOAD,LOAD,LOAD,LOAD,LOAD,LOAD
LOAD,LOAD,LOAD,LOAD,LOAD,LOAD,LOAD,LOAD,LOAD,LOAD,LOAD,LOAD,LOAD,LOAD,LOAD,LOAD,LOAD,LOAD,LOAD,LOAD,LOAD,LOAD,LOAD,LOAD,LOAD,LOAD,LOAD,LOAD,LOAD,LOAD,LOAD,LOAD,LOAD,LOAD,LOAD,LOAD,LOAD,LOAD,LOAD,LOAD,LOAD,LOAD,LOAD,LOAD,LOAD,LOAD,LOAD,LOAD,LOAD,LOAD,LOAD,LOAD,LOAD,LOAD,LOAD,LOAD,LOAD,LOAD,LOAD,LOAD,LOAD,LOAD,LOAD,LOAD
LOAD,LOAD,LOAD,LOAD,LOAD,LOAD,LOAD,LOAD,LOAD,LOAD,LOAD,LOAD,LOAD,LOAD,LOAD,LOAD,LOAD,LOAD,LOAD,LOAD,LOAD,LOAD,LOAD,LOAD,LOAD,LOAD,LOAD,LOAD,LOAD,LOAD,LOAD,LOAD,LOAD,LOAD,LOAD,LOAD,LOAD,LOAD,LOAD,LOAD,LOAD,LOAD,LOAD,LOAD,LOAD,LOAD,LOAD,LOAD,LOAD,LOAD,LOAD,LOAD,LOAD,LOAD,LOAD,LOAD,LOAD,LOAD,LOAD,LOAD,LOAD,LOAD,LOAD,LOAD
LOAD,LOAD,LOAD,LOAD,LOAD,LOAD,LOAD,LOAD,LOAD,LOAD,LOAD,LOAD,LOAD,LOAD,LOAD,LOAD,LOAD,LOAD,LOAD,LOAD,LOAD,LOAD,LOAD,LOAD,LOAD,LOAD,LOAD,LOAD,LOAD,LOAD,LOAD,LOAD,LOAD,LOAD,LOAD,LOAD,LOAD,LOAD,LOAD,LOAD,LOAD,LOAD,LOAD,LOAD,LOAD,LOAD,LOAD,LOAD,LOAD,LOAD,LOAD,LOAD,LOAD,LOAD,LOAD,LOAD,LOAD,LOAD,LOAD,LOAD,LOAD,LOAD,LOAD,LOAD
LOAD,LOAD,LOAD,LOAD,LOAD,LOAD,LOAD,LOAD,LOAD,LOAD,LOAD,LOAD,LOAD,LOAD,LOAD,LOAD,LOAD,LOAD,LOAD,LOAD,LOAD,LOAD,LOAD,LOAD,LOAD,LOAD,LOAD,LOAD,LOAD,LOAD,LOAD,LOAD,LOAD,LOAD,LOAD,LOAD,LOAD,LOAD,LOAD,LOAD,LOAD,LOAD,LOAD,LOAD,LOAD,LOAD,LOAD,LOAD,LOAD,LOAD,LOAD,LOAD,LOAD,LOAD,LOAD,LOAD,LOAD,LOAD,LOAD,LOAD,LOAD,LOAD,LOAD,LOAD
LOAD,LOAD,LOAD,LOAD,LOAD,LOAD,LOAD,LOAD,LOAD,LOAD,LOAD,LOAD,LOAD,LOAD,LOAD,LOAD,LOAD,LOAD,LOAD,LOAD,LOAD,LOAD,LOAD,LOAD,LOAD,LOAD,LOAD,LOAD,LOAD,LOAD,LOAD,LOAD,LOAD,LOAD,LOAD,LOAD,LOAD,LOAD,LOAD,LOAD,LOAD,LOAD,LOAD,LOAD,LOAD,LOAD,LOAD,LOAD,LOAD,LOAD,LOAD,LOAD,LOAD,LOAD,LOAD,LOAD,LOAD,LOAD,LOAD,LOAD,LOAD,LOAD,LOAD,LOAD
LOAD,LOAD,LOAD,LOAD,LOAD,LOAD,LOAD,LOAD,LOAD,LOAD,LOAD,LOAD,LOAD,LOAD,LOAD,LOAD,LOAD,LOAD,LOAD,LOAD,LOAD,LOAD,LOAD,LOAD,LOAD,LOAD,LOAD,LOAD,LOAD,LOAD,LOAD,LOAD,LOAD,LOAD,LOAD,LOAD,LOAD,LOAD,LOAD,LOAD,LOAD,LOAD,LOAD,LOAD,LOAD,LOAD,LOAD,LOAD,LOAD,LOAD,LOAD,LOAD,LOAD,LOAD,LOAD,LOAD,LOAD,LOAD,LOAD,LOAD,LOAD,LOAD,LOAD,LOAD
LOAD,LOAD,LOAD,LOAD,LOAD,LOAD,LOAD,LOAD,LOAD,LOAD,LOAD,LOAD,LOAD,LOAD,LOAD,LOAD,LOAD,LOAD,LOAD,LOAD,LOAD,LOAD,LOAD,LOAD,LOAD,LOAD,LOAD,LOAD,LOAD,LOAD,LOAD,LOAD,LOAD,LOAD,LOAD,LOAD,LOAD,LOAD,LOAD,LOAD,LOAD,LOAD,LOAD,LOAD,LOAD,LOAD,LOAD,LOAD,LOAD,LOAD,LOAD,LOAD,LOAD,LOAD,LOAD,LOAD,LOAD,LOAD,LOAD,LOAD,LOAD,LOAD,LOAD,LOAD
LOAD,LOAD,LOAD,LOAD,LOAD,LOAD,LOAD,LOAD,LOAD,LOAD,LOAD,LOAD,LOAD,LOAD,LOAD,LOAD,LOAD,LOAD,LOAD,LOAD,LOAD,LOAD,LOAD,LOAD,LOAD,LOAD,LOAD,LOAD,LOAD,LOAD,LOAD,LOAD,LOAD,LOAD,LOAD,LOAD,LOAD,LOAD,LOAD,LOAD,LOAD,LOAD,LOAD,LOAD,LOAD,LOAD,LOAD,LOAD,LOAD,LOAD,LOAD,LOAD,LOAD,LOAD,LOAD,LOAD,LOAD,LOAD,LOAD,LOAD,LOAD,LOAD,LOAD,LOAD
LOAD,LOAD,LOAD,LOAD,LOAD,LOAD,LOAD,LOAD,LOAD,LOAD,LOAD,LOAD,LOAD,LOAD,LOAD,LOAD,LOAD,LOAD,LOAD,LOAD,LOAD,LOAD,LOAD,LOAD,LOAD,LOAD,LOAD,LOAD,LOAD,LOAD,LOAD,LOAD,LOAD,LOAD,LOAD,LOAD,LOAD,LOAD,LOAD,LOAD,LOAD,LOAD,LOAD,LOAD,LOAD,LOAD,LOAD,LOAD,LOAD,LOAD,LOAD,LOAD,LOAD,LOAD,LOAD,LOAD,LOAD,LOAD,LOAD,LOAD,LOAD,LOAD,LOAD,LOAD
LOAD,LOAD,LOAD,LOAD,LOAD,LOAD,LOAD,LOAD,LOAD,LOAD,LOAD,LOAD,LOAD,LOAD,LOAD,LOAD,LOAD,LOAD,LOAD,LOAD,LOAD,LOAD,LOAD,LOAD,LOAD,LOAD,LOAD,LOAD,LOAD,LOAD,LOAD,LOAD,LOAD,LOAD,LOAD,LOAD,LOAD,LOAD,LOAD,LOAD,LOAD,LOAD,LOAD,LOAD,LOAD,LOAD,LOAD,LOAD,LOAD,LOAD,LOAD,LOAD,LOAD,LOAD,LOAD,LOAD,LOAD,LOAD,LOAD,LOAD,LOAD,LOAD,LOAD,LOAD
LOAD,LOAD,LOAD,LOAD,LOAD,LOAD,LOAD,LOAD,LOAD,LOAD,LOAD,LOAD,LOAD,LOAD,LOAD,LOAD,LOAD,LOAD,LOAD,LOAD,LOAD,LOAD,LOAD,LOAD,LOAD,LOAD,LOAD,LOAD,LOAD,LOAD,LOAD,LOAD,LOAD,LOAD,LOAD,LOAD,LOAD,LOAD,LOAD,LOAD,LOAD,LOAD,LOAD,LOAD,LOAD,LOAD,LOAD,LOAD,LOAD,LOAD,LOAD,LOAD,LOAD,LOAD,LOAD,LOAD,LOAD,LOAD,LOAD,LOAD,LOAD,LOAD,LOAD,LOAD
LOAD,LOAD,LOAD,LOAD,LOAD,LOAD,LOAD,LOAD,LOAD,LOAD,LOAD,LOAD,LOAD,LOAD,LOAD,LOAD,LOAD,LOAD,LOAD,LOAD,LOAD,LOAD,LOAD,LOAD,LOAD,LOAD,LOAD,LOAD,LOAD,LOAD,LOAD,LOAD,LOAD,LOAD,LOAD,LOAD,LOAD,LOAD,LOAD,LOAD,LOAD,LOAD,LOAD,LOAD,LOAD,LOAD,LOAD,LOAD,LOAD,LOAD,LOAD,LOAD,LOAD,LOAD,LOAD,LOAD,LOAD,LOAD,LOAD,LOAD,LOAD,LOAD,LOAD,LOAD
LOAD,LOAD,LOAD,LOAD,LOAD,LOAD,LOAD,LOAD,LOAD,LOAD,LOAD,LOAD,LOAD,LOAD,LOAD,LOAD,LOAD,LOAD,LOAD,LOAD,LOAD,LOAD,LOAD,LOAD,LOAD,LOAD,LOAD,LOAD,LOAD,LOAD,LOAD,LOAD,LOAD,LOAD,LOAD,LOAD,LOAD,LOAD,LOAD,LOAD,LOAD,LOAD,LOAD,LOAD,LOAD,LOAD,LOAD,LOAD,LOAD,LOAD,LOAD,LOAD,LOAD,LOAD,LOAD,LOAD,LOAD,LOAD,LOAD,LOAD,LOAD,LOAD,LOAD,LOAD
LOAD,LOAD,LOAD,LOAD,LOAD,LOAD,LOAD,LOAD,LOAD,LOAD,LOAD,LOAD,LOAD,LOAD,LOAD,LOAD,LOAD,LOAD,LOAD,LOAD,LOAD,LOAD,LOAD,LOAD,LOAD,LOAD,LOAD,LOAD,LOAD,LOAD,LOAD,LOAD,LOAD,LOAD,LOAD,LOAD,LOAD,LOAD,LOAD,LOAD,LOAD,LOAD,LOAD,LOAD,LOAD,LOAD,LOAD,LOAD,LOAD,LOAD,LOAD,LOAD,LOAD,LOAD,LOAD,LOAD,LOAD,LOAD,LOAD,LOAD,LOAD,LOAD,LOAD,LOAD
LOAD,LOAD,LOAD,LOAD,LOAD,LOAD,LOAD,LOAD,LOAD,LOAD,LOAD,LOAD,LOAD,LOAD,LOAD,LOAD,LOAD,LOAD,LOAD,LOAD,LOAD,LOAD,LOAD,LOAD,LOAD,LOAD,LOAD,LOAD,LOAD,LOAD,LOAD,LOAD,LOAD,LOAD,LOAD,LOAD,LOAD,LOAD,LOAD,LOAD,LOAD,LOAD,LOAD,LOAD,LOAD,LOAD,LOAD,LOAD,LOAD,LOAD,LOAD,LOAD,LOAD,LOAD,LOAD,LOAD,LOAD,LOAD,LOAD,LOAD,LOAD,LOAD,LOAD,LOAD
LOAD,LOAD,LOAD,LOAD,LOAD,LOAD,LOAD,LOAD,LOAD,LOAD,LOAD,LOAD,LOAD,LOAD,LOAD,LOAD,LOAD,LOAD,LOAD,LOAD,LOAD,LOAD,LOAD,LOAD,LOAD,LOAD,LOAD,LOAD,LOAD,LOAD,LOAD,LOAD,LOAD,LOAD,LOAD,LOAD,LOAD,LOAD,LOAD,LOAD,LOAD,LOAD,LOAD,LOAD,LOAD,LOAD,LOAD,LOAD,LOAD,LOAD,LOAD,LOAD,LOAD,LOAD,LOAD,LOAD,LOAD,LOAD,LOAD,LOAD,LOAD,LOAD,LOAD,LOAD
LOAD,LOAD,LOAD,LOAD,LOAD,LOAD,LOAD,LOAD,LOAD,LOAD,LOAD,LOAD,LOAD,LOAD,LOAD,LOAD,LOAD,LOAD,LOAD,LOAD,LOAD,LOAD,LOAD,LOAD,LOAD,LOAD,LOAD,LOAD,LOAD,LOAD,LOAD,LOAD,LOAD,LOAD,LOAD,LOAD,LOAD,LOAD,LOAD,LOAD,LOAD,LOAD,LOAD,LOAD,LOAD,LOAD,LOAD,LOAD,LOAD,LOAD,LOAD,LOAD,LOAD,LOAD,LOAD,LOAD,LOAD,LOAD,LOAD,LOAD,LOAD,LOAD,LOAD,LOAD
LOAD,LOAD,LOAD,LOAD,LOAD,LOAD,LOAD,LOAD,LOAD,LOAD,LOAD,LOAD,LOAD,LOAD,LOAD,LOAD,LOAD,LOAD,LOAD,LOAD,LOAD,LOAD,LOAD,LOAD,LOAD,LOAD,LOAD,LOAD,LOAD,LOAD,LOAD,LOAD,LOAD,LOAD,LOAD,LOAD,LOAD,LOAD,LOAD,LOAD,LOAD,LOAD,LOAD,LOAD,LOAD,LOAD,LOAD,LOAD,LOAD,LOAD,LOAD,LOAD,LOAD,LOAD,LOAD,LOAD,LOAD,LOAD,LOAD,LOAD,LOAD,LOAD,LOAD,LOAD
LOAD,LOAD,LOAD,LOAD,LOAD,LOAD,LOAD,LOAD,LOAD,LOAD,LOAD,LOAD,LOAD,LOAD,LOAD,LOAD,LOAD,LOAD,LOAD,LOAD,LOAD,LOAD,LOAD,LOAD,LOAD,LOAD,LOAD,LOAD,LOAD,LOAD,LOAD,LOAD,LOAD,LOAD,LOAD,LOAD,LOAD,LOAD,LOAD,LOAD,LOAD,LOAD,LOAD,LOAD,LOAD,LOAD,LOAD,LOAD,LOAD,LOAD,LOAD,LOAD,LOAD,LOAD,LOAD,LOAD,LOAD,LOAD,LOAD,LOAD,LOAD,LOAD,LOAD,LOAD
LOAD,LOAD,LOAD,LOAD,LOAD,LOAD,LOAD,LOAD,LOAD,LOAD,LOAD,LOAD,LOAD,LOAD,LOAD,LOAD,LOAD,LOAD,LOAD,LOAD,LOAD,LOAD,LOAD,LOAD,LOAD,LOAD,LOAD,LOAD,LOAD,LOAD,LOAD,LOAD,LOAD,LOAD,LOAD,LOAD,LOAD,LOAD,LOAD,LOAD,LOAD,LOAD,LOAD,LOAD,LOAD,LOAD,LOAD,LOAD,LOAD,LOAD,LOAD,LOAD,LOAD,LOAD,LOAD,LOAD,LOAD,LOAD,LOAD,LOAD,LOAD,LOAD,LOAD,LOAD
LOAD,LOAD,LOAD,LOAD,LOAD,LOAD,LOAD,LOAD,LOAD,LOAD,LOAD,LOAD,LOAD,LOAD,LOAD,LOAD,LOAD,LOAD,LOAD,LOAD,LOAD,LOAD,LOAD,LOAD,LOAD,LOAD,LOAD,LOAD,LOAD,LOAD,LOAD,LOAD,LOAD,LOAD,LOAD,LOAD,LOAD,LOAD,LOAD,LOAD,LOAD,LOAD,LOAD,LOAD,LOAD,LOAD,LOAD,LOAD,LOAD,LOAD,LOAD,LOAD,LOAD,LOAD,LOAD,LOAD,LOAD,LOAD,LOAD,LOAD,LOAD,LOAD,LOAD,LOAD
LOAD,LOAD,LOAD,LOAD,LOAD,LOAD,LOAD,LOAD,LOAD,LOAD,LOAD,LOAD,LOAD,LOAD,LOAD,LOAD,LOAD,LOAD,LOAD,LOAD,LOAD,LOAD,LOAD,LOAD,LOAD,LOAD,LOAD,LOAD,LOAD,LOAD,LOAD,LOAD,LOAD,LOAD,LOAD,LOAD,LOAD,LOAD,LOAD,LOAD,LOAD,LOAD,LOAD,LOAD,LOAD,LOAD,LOAD,LOAD,LOAD,LOAD,LOAD,LOAD,LOAD,LOAD,LOAD,LOAD,LOAD,LOAD,LOAD,LOAD,LOAD,LOAD,LOAD,LOAD
LOAD,LOAD,LOAD,LOAD,LOAD,LOAD,LOAD,LOAD,LOAD,LOAD,LOAD,LOAD,LOAD,LOAD,LOAD,LOAD,LOAD,LOAD,LOAD,LOAD,LOAD,LOAD,LOAD,LOAD,LOAD,LOAD,LOAD,LOAD,LOAD,LOAD,LOAD,LOAD,LOAD,LOAD,LOAD,LOAD,LOAD,LOAD,LOAD,LOAD,LOAD,LOAD,LOAD,LOAD,LOAD,LOAD,LOAD,LOAD,LOAD,LOAD,LOAD,LOAD,LOAD,LOAD,LOAD,LOAD,LOAD,LOAD,LOAD,LOAD,LOAD,LOAD,LOAD,LOAD
LOAD,LOAD,LOAD,LOAD,LOAD,LOAD,LOAD,LOAD,LOAD,LOAD,LOAD,LOAD,LOAD,LOAD,LOAD,LOAD,LOAD,LOAD,LOAD,LOAD,LOAD,LOAD,LOAD,LOAD,LOAD,LOAD,LOAD,LOAD,LOAD,LOAD,LOAD,LOAD,LOAD,LOAD,LOAD,LOAD,LOAD,LOAD,LOAD,LOAD,LOAD,LOAD,LOAD,LOAD,LOAD,LOAD,LOAD,LOAD,LOAD,LOAD,LOAD,LOAD,LOAD,LOAD,LOAD,LOAD,LOAD,LOAD,LOAD,LOAD,LOAD,LOAD,LOAD,LOAD
LOAD,LOAD,LOAD,LOAD,LOAD,LOAD,LOAD,LOAD,LOAD,LOAD,LOAD,LOAD,LOAD,LOAD,LOAD,LOAD,LOAD,LOAD,LOAD,LOAD,LOAD,LOAD,LOAD,LOAD,LOAD,LOAD,LOAD,LOAD,LOAD,LOAD,LOAD,LOAD,LOAD,LOAD,LOAD,LOAD,LOAD,LOAD,LOAD,LOAD,LOAD,LOAD,LOAD,LOAD,LOAD,LOAD,LOAD,LOAD,LOAD,LOAD,LOAD,LOAD,LOAD,LOAD,LOAD,LOAD,LOAD,LOAD,LOAD,LOAD,LOAD,LOAD,LOAD,LOAD
LOAD,LOAD,LOAD,LOAD,LOAD,LOAD,LOAD,LOAD,LOAD,LOAD,LOAD,LOAD,LOAD,LOAD,LOAD,LOAD,LOAD,LOAD,LOAD,LOAD,LOAD,LOAD,LOAD,LOAD,LOAD,LOAD,LOAD,LOAD,LOAD,LOAD,LOAD,LOAD,LOAD,LOAD,LOAD,LOAD,LOAD,LOAD,LOAD,LOAD,LOAD,LOAD,LOAD,LOAD,LOAD,LOAD,LOAD,LOAD,LOAD,LOAD,LOAD,LOAD,LOAD,LOAD,LOAD,LOAD,LOAD,LOAD,LOAD,LOAD,LOAD,LOAD,LOAD,LOAD
LOAD,LOAD,LOAD,LOAD,LOAD,LOAD,LOAD,LOAD,LOAD,LOAD,LOAD,LOAD,LOAD,LOAD,LOAD,LOAD,LOAD,LOAD,LOAD,LOAD,LOAD,LOAD,LOAD,LOAD,LOAD,LOAD,LOAD,LOAD,LOAD,LOAD,LOAD,LOAD,LOAD,LOAD,LOAD,LOAD,LOAD,LOAD,LOAD,LOAD,LOAD,LOAD,LOAD,LOAD,LOAD,LOAD,LOAD,LOAD,LOAD,LOAD,LOAD,LOAD,LOAD,LOAD,LOAD,LOAD,LOAD,LOAD,LOAD,LOAD,LOAD,LOAD,LOAD,LOAD
LOAD,LOAD,LOAD,LOAD,LOAD,LOAD,LOAD,LOAD,LOAD,LOAD,LOAD,LOAD,LOAD,LOAD,LOAD,LOAD,LOAD,LOAD,LOAD,LOAD,LOAD,LOAD,LOAD,LOAD,LOAD,LOAD,LOAD,LOAD,LOAD,LOAD,LOAD,LOAD,LOAD,LOAD,LOAD,LOAD,LOAD,LOAD,LOAD,LOAD,LOAD,LOAD,LOAD,LOAD,LOAD,LOAD,LOAD,LOAD,LOAD,LOAD,LOAD,LOAD,LOAD,LOAD,LOAD,LOAD,LOAD,LOAD,LOAD,LOAD,LOAD,LOAD,LOAD,LOAD
